"Clé";"Français";"Wolof (à remplir)";"Remarques"
"app.name";"Bic Gouv SN";"";""
"tabs.navigation";"Navigation principale";"";""
"tabs.home";"Accueil";"";""
"tabs.nearMe";"Près de moi";"";""
"tabs.assistant";"Assistant IA";"";""
"tabs.procedures";"Démarches";"";""
"tabs.participate";"Participer";"";""
"content.sourceAttribution";"Source : {source}";"";"À garder tel quel : {source}"
"content.machineTranslation";"Traduction automatique";"";""
"content.listen";"Écouter";"";""
"content.pause";"Pause";"";""
"content.resume";"Reprendre";"";""
"content.pauseReading";"Mettre la lecture en pause";"";""
"content.resumeReading";"Reprendre la lecture";"";""
"content.wolofVoiceSoon";"Voix wolof bientôt disponible";"";""
"content.updatedJustNow";"Mis à jour à l'instant.";"";""
"content.updatedMinutesAgo";"Mis à jour il y a {count} min.";"";"À garder tel quel : {count}"
"content.updatedHoursAgo (one)";"Mis à jour il y a {count} heure.";"";"Forme « one » du pluriel. À garder tel quel : {count}"
"content.updatedHoursAgo (other)";"Mis à jour il y a {count} heures.";"";"Forme « other » du pluriel. À garder tel quel : {count}"
"content.updatedDaysAgo (one)";"Mis à jour il y a {count} jour.";"";"Forme « one » du pluriel. À garder tel quel : {count}"
"content.updatedDaysAgo (other)";"Mis à jour il y a {count} jours.";"";"Forme « other » du pluriel. À garder tel quel : {count}"
"onboarding.skip";"Passer";"";""
"onboarding.next";"Suivant";"";""
"onboarding.start";"Commencer";"";""
"onboarding.step";"Étape {current} sur {total}";"";"À garder tel quel : {current} {total}"
"onboarding.stations.language";"Langue";"";""
"onboarding.stations.news";"Actualités";"";""
"onboarding.stations.source";"Source";"";""
"onboarding.stations.offline";"Hors ligne";"";""
"onboarding.languageTitle";"Choisissez votre langue";"";""
"onboarding.languageBody";"Vous pourrez la changer à tout moment dans les réglages.";"";""
"onboarding.newsTitle";"L'action du gouvernement, chaque jour";"";""
"onboarding.newsBody";"Conseil des ministres, communiqués, discours : les publications officielles, dès leur mise en ligne.";"";""
"onboarding.sourceTitle";"La source, toujours";"";""
"onboarding.sourceBody";"Chaque article vient de presidence.sn et renvoie à sa page d'origine.";"";""
"onboarding.offlineTitle";"Gardez l'essentiel, même sans réseau";"";""
"onboarding.offlineBody";"Touchez le marque-page : l'article reste lisible hors ligne.";"";""
"categories.conseil-des-ministres";"Conseil des ministres";"";""
"categories.communiques";"Communiqués";"";""
"categories.international";"International";"";""
"categories.discours";"Discours";"";""
"categories.focus";"Focus";"";""
"categories.interviews";"Interviews & reportages";"";""
"categories.agenda";"Agenda";"";""
"categories.general";"Actualité";"";""
"feed.latestCouncil";"Dernier Conseil des ministres";"";""
"feed.readCommunique";"Lire le communiqué";"";""
"feed.allSections";"Tout";"";""
"feed.emptySection";"Aucune actualité dans cette rubrique pour le moment.";"";""
"feed.loadMore";"Chargement de la suite";"";""
"feed.lastOpened";"Dernière lecture";"";""
"feed.offline";"Hors ligne : voici les dernières actualités enregistrées.";"";""
"feed.empty";"Aucune actualité pour le moment.";"";""
"feed.error";"Les actualités n'ont pas pu être chargées.";"";""
"feed.retry";"Réessayer";"";""
"section.count (one)";"{count} article";"";"Forme « one » du pluriel. À garder tel quel : {count}"
"section.count (other)";"{count} articles";"";"Forme « other » du pluriel. À garder tel quel : {count}"
"section.seeMore";"Voir plus";"";""
"section.seeMoreOf";"Voir plus : {section}";"";"À garder tel quel : {section}"
"section.pagination";"Pages";"";""
"section.pageOf";"Page {current} sur {total}";"";"À garder tel quel : {current} {total}"
"section.page";"Page {page}";"";"À garder tel quel : {page}"
"section.previous";"Page précédente";"";""
"section.next";"Page suivante";"";""
"section.nextStories";"Articles suivants";"";""
"section.backToTop";"Revenir en haut";"";""
"section.carousel";"À la une";"";""
"section.slide";"Article {current} sur {total}";"";"À garder tel quel : {current} {total}"
"section.pause";"Mettre en pause le défilement";"";""
"section.play";"Reprendre le défilement";"";""
"article.back";"Retour";"";""
"article.openSource";"Lire sur {source}";"";"À garder tel quel : {source}"
"article.notFound";"Cet article n'est pas disponible.";"";""
"article.withdrawn";"Cet article a été retiré du site de la Présidence.";"";""
"article.image";"Photo de l'article";"";""
"article.showPhoto";"Afficher la photo";"";""
"article.watchVideo";"Regarder la vidéo";"";""
"article.videoHost";"Sur YouTube";"";""
"article.share";"Partager";"";""
"article.documents";"Documents officiels";"";""
"article.document";"Document PDF";"";""
"article.documentSizeMb";"PDF · {size} Mo";"";"À garder tel quel : {size}"
"article.documentSizeKb";"PDF · {size} Ko";"";"À garder tel quel : {size}"
"search.title";"Rechercher";"";""
"search.placeholder";"Un mot, un lieu, une personne…";"";""
"search.hint";"Tapez au moins 2 lettres pour chercher dans les actualités officielles.";"";""
"search.noResult";"Aucun résultat pour « {query} ».";"";"À garder tel quel : {query}"
"search.offline";"La recherche a besoin d'une connexion. Réessayez quand vous êtes en ligne.";"";""
"procedures.title";"Démarches";"";""
"procedures.intro";"Les démarches administratives officielles, expliquées simplement.";"";""
"procedures.count (one)";"{count} démarche";"";"Forme « one » du pluriel. À garder tel quel : {count}"
"procedures.count (other)";"{count} démarches";"";"Forme « other » du pluriel. À garder tel quel : {count}"
"procedures.byTheme";"Par thème";"";""
"procedures.emptyTheme";"Aucune démarche dans ce thème pour le moment.";"";""
"procedures.searchLabel";"Rechercher une démarche";"";""
"procedures.searchPlaceholder";"Un document, une démarche…";"";""
"procedures.noResult";"Aucune démarche pour « {query} ».";"";"À garder tel quel : {query}"
"procedures.error";"Les démarches n'ont pas pu être chargées.";"";""
"procedures.notFound";"Cette démarche n'est pas disponible.";"";""
"procedures.cost";"Coût";"";""
"procedures.free";"Gratuit";"";""
"procedures.delay";"Délai";"";""
"procedures.delayDays (one)";"{count} jour";"";"Forme « one » du pluriel. À garder tel quel : {count}"
"procedures.delayDays (other)";"{count} jours";"";"Forme « other » du pluriel. À garder tel quel : {count}"
"procedures.online";"En ligne";"";""
"procedures.onlineYes";"Possible en ligne";"";""
"procedures.eligibility";"Qui peut faire la démarche ?";"";""
"procedures.documents";"Pièces à fournir";"";""
"procedures.offices";"Où s'adresser";"";""
"procedures.faqs";"Questions fréquentes";"";""
"procedures.legalTexts";"Textes officiels";"";""
"procedures.usefulLinks";"Liens utiles";"";""
"procedures.related";"Démarches liées";"";""
"procedures.goOfficial";"Faire la démarche sur e-senegal.sn";"";""
"procedures.nextProcedures";"Démarches suivantes";"";""
"procedures.nearest.mairie";"Trouver la mairie la plus proche";"";""
"procedures.nearest.prefecture";"Trouver la préfecture la plus proche";"";""
"procedures.nearest.police";"Trouver le commissariat le plus proche";"";""
"procedures.nearest.gendarmerie";"Trouver la gendarmerie la plus proche";"";""
"procedures.nearest.tribunal";"Trouver le tribunal le plus proche";"";""
"procedures.brief";"En bref";"";""
"procedures.briefWho";"Pour qui";"";""
"procedures.briefValidity";"Validité";"";""
"procedures.briefResult";"Document délivré";"";""
"procedures.documentsCount (one)";"{count} pièce";"";"Forme « one » du pluriel. À garder tel quel : {count}"
"procedures.documentsCount (other)";"{count} pièces";"";"Forme « other » du pluriel. À garder tel quel : {count}"
"procedures.onlinePossible";"Possible";"";""
"procedures.note";"Remarque";"";""
"procedures.showDocuments";"Aller aux pièces à fournir";"";""
"nearMe.title";"Près de moi";"";""
"nearMe.intro";"Les services de l'État autour de vous.";"";""
"nearMe.useLocation";"Utiliser ma position";"";""
"nearMe.locating";"Recherche de votre position…";"";""
"nearMe.chooseTown";"Choisir une ville";"";""
"nearMe.townLabel";"Rechercher une ville";"";""
"nearMe.townPlaceholder";"Nom d'une ville";"";""
"nearMe.around";"Autour de {place}";"";"À garder tel quel : {place}"
"nearMe.myPosition";"votre position";"";""
"nearMe.change";"Changer";"";""
"nearMe.privacy";"Votre position reste sur votre téléphone. Elle n'est jamais envoyée.";"";""
"nearMe.denied";"La localisation n'est pas autorisée. Vous pouvez choisir une ville.";"";""
"nearMe.unavailable";"Votre position n'a pas pu être trouvée. Vous pouvez choisir une ville.";"";""
"nearMe.noTown";"Aucune ville ne correspond.";"";""
"nearMe.all";"Tous";"";""
"nearMe.filters";"Types de services";"";""
"nearMe.distance";"à {distance}";"";"À garder tel quel : {distance}"
"nearMe.count (one)";"{count} service";"";"Forme « one » du pluriel. À garder tel quel : {count}"
"nearMe.count (other)";"{count} services";"";"Forme « other » du pluriel. À garder tel quel : {count}"
"nearMe.none";"Aucun service de ce type n'est encore vérifié autour d'ici.";"";""
"nearMe.comingSoon";"Les services de l'État arrivent bientôt ici. L'équipe les vérifie un par un avant de les montrer.";"";""
"nearMe.error";"Les services n'ont pas pu être chargés.";"";""
"nearMe.attribution";"Données © les contributeurs d'OpenStreetMap";"";""
"nearMe.locateMe";"Me localiser sur la carte";"";""
"nearMe.mapLabel";"Carte des services de l'État vérifiés";"";""
"nearMe.mapHint";"Le panneau en bas présente les mêmes services, lisibles par un lecteur d'écran.";"";""
"nearMe.mapFailed";"La carte n'a pas pu s'afficher. La liste présente les mêmes services.";"";""
"nearMe.panel";"Panneau des services";"";""
"nearMe.panelSize.reduced";"Réduit";"";""
"nearMe.panelSize.medium";"À moitié ouvert";"";""
"nearMe.panelSize.expanded";"Ouvert en grand";"";""
"nearMe.backToList";"Retour à la liste";"";""
"nearMe.keepOffline";"Garder le quartier hors ligne ({size} Mo)";"";"À garder tel quel : {size}"
"nearMe.keepingOffline";"Quartier en cours d'enregistrement : {percent} %";"";"À garder tel quel : {percent}"
"nearMe.keptOffline";"Quartier disponible hors ligne";"";""
"nearMe.keepOfflineFailed";"Le quartier n'a pas pu être gardé. Réessayer";"";""
"nearMe.category.mairie";"Mairie";"";""
"nearMe.category.prefecture";"Gouvernance, préfecture";"";""
"nearMe.category.police";"Police";"";""
"nearMe.category.gendarmerie";"Gendarmerie";"";""
"nearMe.category.tribunal";"Tribunal";"";""
"nearMe.category.ministere";"Ministère";"";""
"nearMe.category.administration";"Direction, agence";"";""
"nearMe.filter.mairie";"Mairies";"";""
"nearMe.filter.prefecture";"Préfectures";"";""
"nearMe.filter.police";"Police";"";""
"nearMe.filter.gendarmerie";"Gendarmerie";"";""
"nearMe.filter.tribunal";"Tribunaux";"";""
"nearMe.filter.ministere";"Ministères";"";""
"nearMe.filter.administration";"Directions et agences";"";""
"nearMe.directions";"Itinéraire";"";""
"nearMe.call";"Appeler le {phone}";"";"À garder tel quel : {phone}"
"nearMe.website";"Site web";"";""
"nearMe.hours";"Horaires";"";""
"nearMe.address";"Adresse";"";""
"nearMe.verifiedOn";"Vérifié le {date}";"";"À garder tel quel : {date}"
"nearMe.notFound";"Ce service n'est pas disponible.";"";""
"nearMe.hoursAlways";"Ouvert tous les jours, jour et nuit";"";""
"nearMe.hoursEveryDay";"Tous les jours";"";""
"nearMe.hoursDayRange";"Du {from} au {to}";"";"À garder tel quel : {from} {to}"
"nearMe.hoursOneDay";"Le {day}";"";"À garder tel quel : {day}"
"nearMe.hoursRule";"{days}, {times}";"";"À garder tel quel : {days} {times}"
"nearMe.hoursTime";"de {start} à {end}";"";"À garder tel quel : {start} {end}"
"nearMe.hoursAnd";"et";"";""
"nearMe.day.mo";"lundi";"";""
"nearMe.day.tu";"mardi";"";""
"nearMe.day.we";"mercredi";"";""
"nearMe.day.th";"jeudi";"";""
"nearMe.day.fr";"vendredi";"";""
"nearMe.day.sa";"samedi";"";""
"nearMe.day.su";"dimanche";"";""
"settings.title";"Réglages";"";""
"settings.appearance";"Apparence";"";""
"settings.close";"Fermer les réglages";"";""
"settings.auto";"Auto";"";""
"settings.themeSystem";"Comme le téléphone";"";""
"settings.themeLight";"Clair";"";""
"settings.themeDark";"Sombre";"";""
"settings.language";"Langue";"";""
"settings.languageAuto";"Comme le téléphone";"";""
"settings.languageFr";"Français";"";""
"settings.languageWo";"Wolof";"";""
"settings.dataSaver";"Économie de données";"";""
"settings.dataSaverNever";"Jamais";"";""
"settings.dataSaverCellular";"Mobile";"";""
"settings.dataSaverCellularSpoken";"Sur réseau mobile seulement";"";""
"settings.dataSaverAlways";"Toujours";"";""
"settings.dataSaverHelp";"Les photos ne se chargent que si vous les demandez. Leurs couleurs restent visibles.";"";""
"settings.usageStats";"Statistiques anonymes";"";""
"settings.usageStatsOff";"Non";"";""
"settings.usageStatsOn";"Oui";"";""
"settings.usageStatsOnSpoken";"Oui, envoyer des statistiques anonymes";"";""
"settings.usageStatsHelp";"Aidez-nous à améliorer l'application : elle compte combien de personnes l'utilisent et quels articles sont lus, sans jamais savoir qui vous êtes. Aucun identifiant, aucune position.";"";""
"settings.notifications";"Notifications";"";""
"settings.notificationsOff";"Non";"";""
"settings.notificationsOn";"Nouveaux articles";"";""
"settings.notificationsOnSpoken";"Recevoir une notification pour chaque nouvel article";"";""
"settings.notificationsHelp";"Une notification pour chaque article officiel publié, avec sa photo et ses premiers mots.";"";""
"settings.quietHours";"Heures calmes, de 22 h à 7 h";"";""
"settings.quietOn";"Oui";"";""
"settings.quietOnSpoken";"Oui, aucune notification entre 22 h et 7 h";"";""
"settings.quietOff";"Non";"";""
"settings.quietHelp";"Pendant les heures calmes, rien ne sonne : l'article vous attend dans l'application.";"";""
"settings.notificationTopics";"Rubriques";"";""
"settings.notificationTopicsHelp";"Toutes par défaut. Touchez une rubrique pour ne garder qu'elle, puis ajoutez-en d'autres si vous le souhaitez.";"";""
"settings.notificationsBlocked";"Les notifications sont bloquées pour Bic Gouv SN dans les réglages du téléphone.";"";""
"settings.openPhoneSettings";"Ouvrir les réglages du téléphone";"";""
"settings.location";"Position";"";""
"settings.locationOn";"Autorisée : « Près de moi » s'ouvre sur les services les plus proches de vous.";"";""
"settings.locationDenied";"Refusée. Pour la permettre, ouvrez les réglages du téléphone.";"";""
"settings.locationAllow";"Autoriser la localisation";"";""
"settings.locationHelp";"Votre position reste sur votre téléphone, elle n'est jamais envoyée.";"";""
"settings.welcome";"Présentation de l'application";"";""
"settings.restartWelcome";"Redémarrer";"";""
"settings.restartWelcomeHelp";"Revoir la présentation depuis le début, avec le choix de la langue.";"";""
"settings.about";"À propos";"";""
"settings.aboutNews";"Bic Gouv SN réunit en un seul endroit l'actualité officielle du Gouvernement du Sénégal. Comptes rendus du Conseil des ministres, communiqués, discours, audiences et visites officielles arrivent dans l'application dès leur publication sur presidence.sn, en français et en wolof.";"";""
"settings.aboutProcedures";"Pour vos démarches administratives, l'application explique chaque procédure publiée sur e-senegal.sn avec les pièces à fournir, le coût, le délai et le lien pour la faire en ligne.";"";""
"settings.aboutSources";"Chaque contenu renvoie à sa source officielle, sans ajout ni commentaire. Les articles que vous gardez en favoris restent lisibles même sans connexion.";"";""
"settings.licences";"Données et licences";"";""
"settings.licenceData";"Carte et services de l'État : © les contributeurs d'OpenStreetMap, licence ODbL";"";""
"settings.licenceFonts";"Polices Noto Sans et Noto Serif : SIL Open Font License";"";""
"settings.licenceMapIcons";"Icônes du fond de carte : © 2017 Mapzen, licence MIT";"";""
"settings.licenceAppIcons";"Icônes de l'application : Phosphor Icons, © 2020 Dustin Do, licence MIT";"";""
"settings.openSource";"Logiciels libres utilisés ({count})";"";"À garder tel quel : {count}"
"settings.version";"Version {version}";"";"À garder tel quel : {version}"
"licences.title";"Logiciels libres";"";""
"licences.intro";"Ces {count} logiciels libres font fonctionner l'application. Merci à leurs auteurs.";"";"À garder tel quel : {count}"
"licences.openHint";"Affiche le copyright et le texte de la licence";"";""
"licences.projectSite";"Site du projet";"";""
"participate.intro";"Votre voix compte. Écrivez au gouvernement ou signalez un problème près de chez vous : l'équipe lit chaque message.";"";""
"participate.topics.gouvernement";"Le gouvernement";"";""
"participate.topics.application";"L'application";"";""
"participate.topics.autre";"Autre chose";"";""
"participate.messageLabel";"Votre message";"";""
"participate.categories.voirie";"Voirie";"";""
"participate.categories.eclairage";"Éclairage";"";""
"participate.categories.salubrite";"Salubrité";"";""
"participate.categories.eau";"Eau";"";""
"participate.categories.autre";"Autre";"";""
"participate.reportLabel";"Ce que vous avez vu";"";""
"participate.placeLabel";"Lieu (quartier, commune), facultatif";"";""
"participate.takePhoto";"Prendre une photo";"";""
"participate.choosePhoto";"Choisir une photo";"";""
"participate.removePhoto";"Retirer la photo";"";""
"participate.photoAlt";"Photo jointe au signalement";"";""
"participate.photoLater";"L'ajout de photo arrivera avec la prochaine version de l'application.";"";""
"participate.cameraDenied";"L'appareil photo n'est pas autorisé : choisissez une photo dans la galerie.";"";""
"participate.count";"{count} / 2000";"";"À garder tel quel : {count}"
"participate.tooShort";"Écrivez au moins 10 caractères.";"";""
"participate.anonymous";"Anonyme : n'indiquez ni votre nom ni votre numéro. Pour une urgence, appelez les secours.";"";""
"participate.modeTitle";"Que voulez-vous faire ?";"";""
"participate.modes.write";"Écrire";"";""
"participate.modes.writeSpoken";"Écrire au gouvernement";"";""
"participate.modes.report";"Signaler";"";""
"participate.modes.reportSpoken";"Signaler un problème";"";""
"participate.step";"Étape {step} sur {count}";"";"À garder tel quel : {step} {count}"
"participate.back";"Retour";"";""
"participate.next";"Continuer";"";""
"participate.questions.topic";"Votre message porte sur…";"";""
"participate.questions.message";"Que voulez-vous dire ?";"";""
"participate.questions.kind";"Quel est le problème ?";"";""
"participate.questions.photo";"Une photo du problème ?";"";""
"participate.questions.place";"Où est-ce ?";"";""
"participate.questions.report";"Que s'est-il passé ?";"";""
"participate.topicHints.gouvernement";"Une idée, une remarque";"";""
"participate.topicHints.application";"Un avis sur l'app";"";""
"participate.topicHints.autre";"Tout le reste";"";""
"participate.categoryHints.voirie";"Route, trottoir";"";""
"participate.categoryHints.eclairage";"Lampadaire";"";""
"participate.categoryHints.salubrite";"Déchets";"";""
"participate.categoryHints.eau";"Fuite, coupure";"";""
"participate.categoryHints.autre";"À préciser";"";""
"participate.detailLabel";"Précisez la nature du problème";"";""
"participate.photoHint";"Facultatif : elle aide l'équipe à comprendre.";"";""
"participate.placeHint";"Facultatif : le quartier ou la commune.";"";""
"participate.again.message";"Écrire un autre message";"";""
"participate.again.report";"Faire un autre signalement";"";""
"participate.send";"Envoyer";"";""
"participate.sending";"Envoi…";"";""
"participate.messageSent";"Merci, votre message a bien été transmis à l'équipe.";"";""
"participate.reportSent";"Merci, votre signalement a bien été transmis à l'équipe.";"";""
"participate.errors.offline";"Pas de connexion : rien n'est parti. Réessayez quand le réseau revient.";"";""
"participate.errors.closed";"Participer est momentanément indisponible. Réessayez plus tard.";"";""
"participate.errors.busy";"Beaucoup d'envois depuis ce réseau : réessayez dans une heure.";"";""
"participate.errors.photo";"La photo n'a pas pu être lue. Réessayez avec une autre photo, ou sans photo.";"";""
"participate.errors.failed";"L'envoi n'a pas abouti. Réessayez dans un instant.";"";""
"opportunities.title";"Opportunités";"";""
"opportunities.intro";"Emplois, concours, formations, appels à candidatures, financements, bourses et appels d'offres de l'État, chacun avec sa page officielle.";"";""
"opportunities.seeAll";"Tout voir";"";""
"opportunities.all";"Toutes";"";""
"opportunities.kinds.emploi";"Emploi";"";""
"opportunities.kinds.concours";"Concours";"";""
"opportunities.kinds.formation";"Formation";"";""
"opportunities.kinds.candidature";"Appel à candidatures";"";""
"opportunities.kinds.financement";"Financement";"";""
"opportunities.kinds.bourse";"Bourse";"";""
"opportunities.kinds.appel-offres";"Appel d'offres";"";""
"opportunities.closesOn";"Jusqu'au {date}";"";"À garder tel quel : {date}"
"opportunities.lastDay";"Dernier jour";"";""
"opportunities.daysLeft (one)";"Plus que {count} jour";"";"Forme « one » du pluriel. À garder tel quel : {count}"
"opportunities.daysLeft (other)";"Plus que {count} jours";"";"Forme « other » du pluriel. À garder tel quel : {count}"
"opportunities.noDeadline";"Sans date limite";"";""
"opportunities.empty";"Aucune opportunité ouverte pour l'instant.";"";""
"opportunities.emptyHint";"Les emplois, concours, formations et bourses publiés par l'État apparaîtront ici, avec leur page officielle.";"";""
"opportunities.error";"Les opportunités n'ont pas pu être chargées.";"";""
"opportunities.official";"Voir l'offre officielle";"";""
"opportunities.officialHint";"Ouvre la page officielle dans le navigateur";"";""
"opportunities.share";"Partager cette opportunité";"";""
"opportunities.source";"Source : {host}";"";"À garder tel quel : {host}"
"opportunities.notFound";"Cette opportunité n'est plus proposée : elle est close ou a été retirée.";"";""
"locationInvite.title";"Voir les services près de vous ?";"";""
"locationInvite.body";"Autorisez la localisation : les services de l'État les plus proches s'affichent aussitôt, avec leur distance.";"";""
"locationInvite.note";"Votre position reste sur votre téléphone, elle n'est jamais envoyée. Vous pourrez changer d'avis dans les réglages du téléphone.";"";""
"locationInvite.accept";"Oui, me localiser";"";""
"locationInvite.decline";"Non merci";"";""
"notificationsInvite.title";"Être prévenu des nouveaux articles ?";"";""
"notificationsInvite.body";"Dès qu'un article officiel paraît, une notification vous l'annonce, avec sa photo et ses premiers mots.";"";""
"notificationsInvite.note";"Rien la nuit, entre 22 h et 7 h. Vous pourrez tout changer dans les Réglages.";"";""
"notificationsInvite.accept";"Oui, me prévenir";"";""
"notificationsInvite.decline";"Non merci";"";""
"notifications.channel";"Nouveaux articles";"";""
"usageInvite.title";"Aider à améliorer l'application ?";"";""
"usageInvite.body";"Bic Gouv SN peut compter, sans savoir qui vous êtes, combien de personnes l'utilisent et quels articles sont lus. Aucun identifiant, aucune position.";"";""
"usageInvite.note";"Vous pourrez changer d'avis à tout moment dans les Réglages.";"";""
"usageInvite.accept";"Oui, j'accepte";"";""
"usageInvite.decline";"Non merci";"";""
"favorites.title";"Mes favoris";"";""
"favorites.add";"Ajouter aux favoris";"";""
"favorites.remove";"Retirer des favoris";"";""
"favorites.empty";"Aucun favori pour l'instant. Touchez le marque-page d'un article pour le garder : il restera lisible hors ligne.";"";""
"remote.offTitle";"Momentanément indisponible";"";""
"remote.offBody";"Cette partie de l'application est suspendue pour le moment. Le reste fonctionne normalement.";"";""
"remote.updateTitle";"Une nouvelle version est nécessaire";"";""
"remote.updateBody";"Cette version de Bic Gouv SN n'est plus prise en charge. Mettez l'application à jour depuis votre magasin d'applications pour continuer.";"";""
"comingSoon.title";"Bientôt disponible";"";""
"comingSoon.body";"Cette partie de l'application est en préparation.";"";""
